date,sales_qty
2022-07-12,552.0
2022-07-13,735.0
2022-07-14,952.0
2022-07-15,911.0
2022-07-16,787.0
2022-07-17,1066.0
2022-07-18,807.0
2022-07-19,870.0
2022-07-20,781.0
2022-07-21,864.0
2022-07-22,942.0
2022-07-23,795.0
2022-07-24,929.0
2022-07-25,993.0
2022-07-26,709.0
2022-07-27,912.0
2022-07-28,0.0
2022-07-29,890.0
2022-07-30,1006.0
2022-07-31,1117.0
2022-08-01,1159.3
2022-08-02,894.0
2022-08-03,1000.0
2022-08-04,945.0
2022-08-05,809.0
2022-08-06,781.0
2022-08-07,941.0
2022-08-08,943.0
2022-08-09,853.0
2022-08-10,935.0
2022-08-11,856.0
2022-08-12,753.0
2022-08-13,838.0
2022-08-14,941.0
2022-08-15,935.0
2022-08-16,727.0
2022-08-17,878.0
2022-08-18,981.0
2022-08-19,1038.0
2022-08-20,969.0
2022-08-21,934.0
2022-08-22,860.0
2022-08-23,933.0
2022-08-24,865.0
2022-08-25,794.0
2022-08-26,1014.0
2022-08-27,952.0
2022-08-28,1020.0
2022-08-29,801.0
2022-08-30,915.0
2022-08-31,856.0
2022-09-01,1085.0
2022-09-02,1170.0
2022-09-03,836.0
2022-09-04,888.0
2022-09-05,985.0
2022-09-06,991.0
2022-09-07,666.0
2022-09-08,893.0
2022-09-09,831.0
2022-09-10,782.0
2022-09-11,1178.0
2022-09-12,870.0
2022-09-13,888.0
2022-09-14,859.0
2022-09-15,954.0
2022-09-16,1057.0
2022-09-17,827.0
2022-09-18,1015.0
2022-09-19,874.0
2022-09-20,851.0
2022-09-21,878.0
2022-09-22,932.0
2022-09-23,975.0
2022-09-24,966.0
2022-09-25,949.0
2022-09-26,834.0
2022-09-27,994.0
2022-09-28,873.0
2022-09-29,748.0
2022-09-30,882.0
2022-10-01,1232.0
2022-10-02,1007.0
2022-10-03,1199.0
2022-10-04,891.0
2022-10-05,779.0
2022-10-06,870.0
2022-10-07,952.0
2022-10-08,1114.0
2022-10-09,954.0
2022-10-10,891.0
2022-10-11,710.0
2022-10-12,1074.0
2022-10-13,734.0
2022-10-14,1003.0
2022-10-15,980.0
2022-10-16,969.0
2022-10-17,810.0
2022-10-18,1053.0
2022-10-19,929.0
2022-10-20,910.0
2022-10-21,950.0
2022-10-22,750.0
2022-10-23,1086.0
2022-10-24,915.0
2022-10-25,820.0
2022-10-26,945.0
2022-10-27,967.0
2022-10-28,971.0
2022-10-29,976.0
2022-10-30,995.0
2022-10-31,858.0
2022-11-01,1075.0
2022-11-02,1011.0
2022-11-03,984.0
2022-11-04,881.0
2022-11-05,926.0
2022-11-06,1087.0
2022-11-07,1013.0
2022-11-08,944.0
2022-11-09,756.0
2022-11-10,930.0
2022-11-11,913.0
2022-11-12,861.0
2022-11-13,1048.0
2022-11-14,1139.0
2022-11-15,945.0
2022-11-16,718.0
2022-11-17,975.0
2022-11-18,889.0
2022-11-19,1039.0
2022-11-20,1100.0
2022-11-21,1104.0
2022-11-22,788.0
2022-11-23,976.0
2022-11-24,1088.0
2022-11-25,878.0
2022-11-26,983.0
2022-11-27,1051.0
2022-11-28,821.0
2022-11-29,1062.0
2022-11-30,955.0
2022-12-01,1078.0
2022-12-02,1222.0
2022-12-03,975.0
2022-12-04,964.0
2022-12-05,919.0
2022-12-06,993.0
2022-12-07,897.0
2022-12-08,964.0
2022-12-09,973.0
2022-12-10,876.0
2022-12-11,920.0
2022-12-12,1108.0
2022-12-13,867.0
2022-12-14,1067.0
2022-12-15,970.0
2022-12-16,976.0
2022-12-17,902.0
2022-12-18,1119.0
2022-12-19,1055.0
2022-12-20,954.0
2022-12-21,962.0
2022-12-22,1015.0
2022-12-23,840.0
2022-12-24,878.0
2022-12-25,1436.0
2022-12-26,1050.0
2022-12-27,1126.0
2022-12-28,791.0
2022-12-29,830.0
2022-12-30,1191.0
2022-12-31,1627.0
2023-01-01,981.0
2023-01-02,1292.0
2023-01-03,1595.0
2023-01-04,1362.0
2023-01-05,1074.0
2023-01-06,966.0
2023-01-07,940.0
2023-01-08,868.0
2023-01-09,910.0
2023-01-10,1005.0
2023-01-11,1032.0
2023-01-12,1027.0
2023-01-13,1370.0
2023-01-14,997.0
2023-01-15,1265.0
2023-01-16,809.0
2023-01-17,1045.0
2023-01-18,896.0
2023-01-19,769.0
2023-01-20,1192.0
2023-01-21,1029.0
2023-01-22,904.0
2023-01-23,1006.0
2023-01-24,893.0
2023-01-25,862.0
2023-01-26,859.0
2023-01-27,922.0
2023-01-28,870.0
2023-01-29,1041.0
2023-01-30,1003.0
2023-01-31,1028.0
2023-02-01,1050.0
2023-02-02,1137.0
2023-02-03,1129.0
2023-02-04,967.0
2023-02-05,1074.0
2023-02-06,949.0
2023-02-07,773.0
2023-02-08,921.0
2023-02-09,854.0
2023-02-10,1138.0
2023-02-11,873.0
2023-02-12,1122.0
2023-02-13,1026.0
2023-02-14,1351.0
2023-02-15,922.0
2023-02-16,1064.0
2023-02-17,1023.0
2023-02-18,889.0
2023-02-19,1148.0
2023-02-20,993.0
2023-02-21,960.0
2023-02-22,834.0
2023-02-23,734.0
2023-02-24,885.0
2023-02-25,1141.0
2023-02-26,910.0
2023-02-27,817.0
2023-02-28,958.0
2023-03-01,1324.0
2023-03-02,955.0
2023-03-03,1097.0
2023-03-04,1215.0
2023-03-05,1247.0
2023-03-06,846.0
2023-03-07,1131.0
2023-03-08,937.0
2023-03-09,1020.0
2023-03-10,981.0
2023-03-11,940.0
2023-03-12,864.0
2023-03-13,992.0
2023-03-14,842.0
2023-03-15,980.0
2023-03-16,867.0
2023-03-17,943.0
2023-03-18,1044.0
2023-03-19,1147.0
2023-03-20,1990.0
2023-03-21,4363.0
2023-03-22,0.0
2023-03-23,1227.0
2023-03-24,893.0
2023-03-25,1011.0
2023-03-26,986.0
2023-03-27,898.0
2023-03-28,1016.0
2023-03-29,941.0
2023-03-30,1120.0
2023-03-31,1043.0
2023-04-01,1184.0
2023-04-02,1202.0
2023-04-03,1225.0
2023-04-04,992.0
2023-04-05,670.0
2023-04-06,828.0
2023-04-07,1119.0
2023-04-08,1056.0
2023-04-09,1184.0
2023-04-10,980.0
2023-04-11,913.0
2023-04-12,1010.0
2023-04-13,887.0
2023-04-14,962.0
2023-04-15,1009.0
2023-04-16,1195.0
2023-04-17,875.0
2023-04-18,940.0
2023-04-19,1176.0
2023-04-20,976.0
2023-04-21,1179.0
2023-04-22,1045.0
2023-04-23,967.0
2023-04-24,1017.0
2023-04-25,956.0
2023-04-26,1012.0
2023-04-27,1053.0
2023-04-28,1021.0
2023-04-29,1013.0
2023-04-30,1258.0
2023-05-01,1070.0
2023-05-02,1278.0
2023-05-03,859.0
2023-05-04,734.0
2023-05-05,1033.0
2023-05-06,1005.0
2023-05-07,1027.0
2023-05-08,1028.0
2023-05-09,885.0
2023-05-10,967.0
2023-05-11,1059.0
2023-05-12,971.0
2023-05-13,1032.0
2023-05-14,1055.0
2023-05-15,944.0
2023-05-16,980.0
2023-05-17,1004.0
2023-05-18,857.0
2023-05-19,908.0
2023-05-20,910.0
2023-05-21,1087.0
2023-05-22,997.0
2023-05-23,998.0
2023-05-24,910.0
2023-05-25,962.0
2023-05-26,1061.0
2023-05-27,1031.0
2023-05-28,895.0
2023-05-29,993.0
2023-05-30,1185.0
2023-05-31,1042.0
2023-06-01,1043.0
2023-06-02,1403.0
2023-06-03,1163.0
2023-06-04,966.0
2023-06-05,1126.0
2023-06-06,1268.0
2023-06-07,1146.0
2023-06-08,1010.0
2023-06-09,950.0
2023-06-10,1015.0
2023-06-11,1186.0
2023-06-12,944.0
2023-06-13,918.0
2023-06-14,1129.0
2023-06-15,1051.0
2023-06-16,1081.0
2023-06-17,1142.0
2023-06-18,997.0
2023-06-19,1007.0
2023-06-20,1111.0
2023-06-21,950.0
2023-06-22,941.0
2023-06-23,1011.0
2023-06-24,994.0
2023-06-25,1030.0
2023-06-26,1142.0
2023-06-27,1140.0
2023-06-28,1104.0
2023-06-29,1017.0
2023-06-30,1021.0
2023-07-01,921.0
2023-07-02,1410.0
2023-07-03,1177.0
2023-07-04,1306.0
2023-07-05,901.0
2023-07-06,1009.0
2023-07-07,1011.0
2023-07-08,1169.0
2023-07-09,1591.0
2023-07-10,1172.0
2023-07-11,1320.0
2023-07-12,1142.0
2023-07-13,899.0
2023-07-14,1189.0
2023-07-15,1277.0
2023-07-16,1250.0
2023-07-17,860.0
2023-07-18,957.0
2023-07-19,1010.0
2023-07-20,911.0
2023-07-21,1097.0
2023-07-22,937.0
2023-07-23,1136.0
2023-07-24,977.0
2023-07-25,1051.0
2023-07-26,983.0
2023-07-27,1017.0
2023-07-28,896.0
2023-07-29,1272.0
2023-07-30,1317.0
2023-07-31,1020.0
2023-08-01,1575.0
2023-08-02,1394.0
2023-08-03,1262.0
2023-08-04,1218.0
2023-08-05,1059.0
2023-08-06,1196.0
2023-08-07,1010.0
2023-08-08,941.0
2023-08-09,961.0
2023-08-10,1199.0
2023-08-11,1465.0
2023-08-12,910.0
2023-08-13,1148.0
2023-08-14,864.0
2023-08-15,1018.0
2023-08-16,890.0
2023-08-17,912.0
2023-08-18,1007.0
2023-08-19,971.0
2023-08-20,873.0
2023-08-21,1005.0
2023-08-22,883.0
2023-08-23,882.0
2023-08-24,905.0
2023-08-25,1013.0
2023-08-26,964.0
2023-08-27,980.0
2023-08-28,1073.0
2023-08-29,1014.0
2023-08-30,994.0
2023-08-31,884.0
2023-09-01,1112.0
2023-09-02,1360.0
2023-09-03,1248.0
2023-09-04,1123.0
2023-09-05,970.0
2023-09-06,887.0
2023-09-07,898.0
2023-09-08,1024.0
2023-09-09,1023.0
2023-09-10,1019.0
2023-09-11,958.0
2023-09-12,1099.0
2023-09-13,873.0
2023-09-14,929.0
2023-09-15,1377.0
2023-09-16,1014.0
2023-09-17,986.0
2023-09-18,1007.0
2023-09-19,1037.0
2023-09-20,1029.0
2023-09-21,1110.0
2023-09-22,924.0
2023-09-23,912.0
2023-09-24,1039.0
2023-09-25,854.0
2023-09-26,799.0
2023-09-27,895.0
2023-09-28,1206.0
2023-09-29,907.0
2023-09-30,906.0
2023-10-01,1241.0
2023-10-02,1071.0
2023-10-03,1033.0
2023-10-04,1151.0
2023-10-05,868.0
2023-10-06,1130.0
2023-10-07,1008.0
2023-10-08,1061.0
2023-10-09,928.0
2023-10-10,1025.0
2023-10-11,960.0
2023-10-12,990.0
2023-10-13,900.0
2023-10-14,766.0
2023-10-15,1410.0
2023-10-16,1142.0
2023-10-17,1147.0
2023-10-18,1115.0
2023-10-19,1132.0
2023-10-20,1020.0
2023-10-21,1232.0
2023-10-22,1099.0
2023-10-23,971.0
2023-10-24,1069.0
2023-10-25,1115.0
2023-10-26,1091.0
2023-10-27,1081.0
2023-10-28,957.0
2023-10-29,1146.0
2023-10-30,943.0
2023-10-31,1265.0
2023-11-01,1342.0
2023-11-02,1077.0
2023-11-03,1085.0
2023-11-04,1053.0
2023-11-05,1211.0
2023-11-06,1113.0
2023-11-07,930.0
2023-11-08,1144.0
2023-11-09,1058.0
2023-11-10,1099.0
2023-11-11,1072.0
2023-11-12,1110.0
2023-11-13,1090.0
2023-11-14,1185.0
2023-11-15,1083.0
2023-11-16,1070.0
2023-11-17,1161.0
2023-11-18,1295.0
2023-11-19,960.0
2023-11-20,1019.0
2023-11-21,1171.0
2023-11-22,984.0
2023-11-23,1111.0
2023-11-24,1515.0
2023-11-25,934.0
2023-11-26,1217.0
2023-11-27,1109.0
2023-11-28,880.0
2023-11-29,1107.0
2023-11-30,921.0
2023-12-01,1108.0
2023-12-02,1399.0
2023-12-03,1165.0
2023-12-04,1057.0
2023-12-05,1163.0
2023-12-06,949.0
2023-12-07,1008.0
2023-12-08,1100.0
2023-12-09,1025.0
2023-12-10,1030.0
2023-12-11,1151.0
2023-12-12,893.0
2023-12-13,983.0
2023-12-14,1182.0
2023-12-15,959.0
2023-12-16,867.0
2023-12-17,978.0
2023-12-18,1072.0
2023-12-19,873.0
2023-12-20,906.0
2023-12-21,1059.0
2023-12-22,1234.0
2023-12-23,1052.0
2023-12-24,987.0
2023-12-25,1206.0
2023-12-26,1023.0
2023-12-27,1113.0
2023-12-28,972.0
2023-12-29,1452.0
2023-12-30,1200.0
2023-12-31,1728.0
2024-01-01,1247.0
2024-01-02,1166.0
2024-01-03,1164.0
2024-01-04,956.0
2024-01-05,825.0
2024-01-06,1095.0
2024-01-07,1058.0
2024-01-08,982.0
2024-01-09,761.0
2024-01-10,1074.0
2024-01-11,903.0
2024-01-12,1130.0
2024-01-13,922.0
2024-01-14,1288.0
2024-01-15,944.0
2024-01-16,847.0
2024-01-17,914.0
2024-01-18,938.0
2024-01-19,891.0
2024-01-20,1073.0
2024-01-21,1268.0
2024-01-22,1086.0
2024-01-23,1005.0
2024-01-24,930.0
2024-01-25,919.0
2024-01-26,942.0
2024-01-27,844.0
2024-01-28,1161.0
2024-01-29,1048.0
2024-01-30,999.0
2024-01-31,1010.0
2024-02-01,1185.0
2024-02-02,1213.0
2024-02-03,1104.0
2024-02-04,1071.0
2024-02-05,1028.0
2024-02-06,1012.0
2024-02-07,931.0
2024-02-08,889.0
2024-02-09,954.0
2024-02-10,983.0
2024-02-11,1070.0
2024-02-12,923.0
2024-02-13,1359.0
2024-02-14,1166.0
2024-02-15,993.0
2024-02-16,1101.0
2024-02-17,1114.0
2024-02-18,1045.0
2024-02-19,926.0
2024-02-20,1061.0
2024-02-21,1020.0
2024-02-22,963.0
2024-02-23,879.0
2024-02-24,793.0
2024-02-25,1188.0
2024-02-26,1299.0
2024-02-27,2009.0
2024-02-28,1033.0
2024-02-29,1270.0
2024-03-01,1227.0
2024-03-02,1136.0
2024-03-03,1197.0
2024-03-04,1003.0
2024-03-05,1130.0
2024-03-06,1201.0
2024-03-07,1402.0
2024-03-08,1621.0
2024-03-09,1424.0
2024-03-10,5522.0
2024-03-11,0.0
2024-03-12,1093.0
2024-03-13,1127.0
2024-03-14,996.0
2024-03-15,948.0
2024-03-16,927.0
2024-03-17,890.0
2024-03-18,923.0
2024-03-19,941.0
2024-03-20,873.0
2024-03-21,867.0
2024-03-22,877.0
2024-03-23,994.0
2024-03-24,734.0
2024-03-25,938.0
2024-03-26,920.0
2024-03-27,984.0
2024-03-28,999.0
2024-03-29,1156.0
2024-03-30,1087.0
2024-03-31,1031.0
2024-04-01,1020.0
2024-04-02,1078.0
2024-04-03,968.0
2024-04-04,814.0
2024-04-05,1014.0
2024-04-06,1052.0
2024-04-07,1188.0
2024-04-08,1013.0
2024-04-09,1288.0
2024-04-10,1004.0
2024-04-11,933.0
2024-04-12,1004.0
2024-04-13,1057.0
2024-04-14,967.0
2024-04-15,1020.0
2024-04-16,954.0
2024-04-17,794.0
2024-04-18,807.0
2024-04-19,949.0
2024-04-20,1052.0
2024-04-21,1121.0
2024-04-22,744.0
2024-04-23,905.0
2024-04-24,882.0
2024-04-25,1020.0
2024-04-26,1090.0
2024-04-27,1127.0
2024-04-28,953.0
2024-04-29,846.0
2024-04-30,994.0
2024-05-01,1636.0
2024-05-02,1181.0
2024-05-03,1110.0
2024-05-04,1187.0
2024-05-05,1090.0
2024-05-06,901.0
2024-05-07,799.0
2024-05-08,1079.0
2024-05-09,945.0
2024-05-10,1012.0
2024-05-11,828.0
2024-05-12,1005.0
2024-05-13,959.0
2024-05-14,1045.0
2024-05-15,970.0
2024-05-16,1065.0
2024-05-17,1012.0
2024-05-18,886.0
2024-05-19,954.0
2024-05-20,947.0
2024-05-21,1078.0
2024-05-22,865.0
2024-05-23,969.0
2024-05-24,1009.0
2024-05-25,1030.0
2024-05-26,988.0
2024-05-27,842.0
2024-05-28,934.0
2024-05-29,1016.0
2024-05-30,933.0
2024-05-31,983.0
2024-06-01,1276.0
2024-06-02,1093.0
2024-06-03,989.0
2024-06-04,1194.0
2024-06-05,971.0
2024-06-06,932.0
2024-06-07,716.0
2024-06-08,1036.0
2024-06-09,911.0
2024-06-10,1009.0
2024-06-11,1234.0
2024-06-12,834.0
2024-06-13,834.0
2024-06-14,1149.0
2024-06-15,1054.0
2024-06-16,1114.0
2024-06-17,985.0
2024-06-18,1217.0
2024-06-19,906.0
2024-06-20,883.0
2024-06-21,905.0
2024-06-22,1021.0
2024-06-23,950.0
2024-06-24,1042.0
2024-06-25,865.0
2024-06-26,673.0
2024-06-27,922.0
2024-06-28,944.0
2024-06-29,910.0
2024-06-30,1324.0
2024-07-01,1182.0
2024-07-02,981.0
2024-07-03,1050.0
2024-07-04,829.0
2024-07-05,1180.0
2024-07-06,997.0
2024-07-07,1043.0
2024-07-08,904.0
2024-07-09,1056.0
2024-07-10,1052.0
2024-07-11,994.0
2024-07-12,1063.0
2024-07-13,1057.0
2024-07-14,1477.0
2024-07-15,989.0
2024-07-16,907.0
2024-07-17,991.0
2024-07-18,894.0
2024-07-19,1001.0
2024-07-20,1011.0
2024-07-21,1284.0
2024-07-22,960.0
2024-07-23,834.0
2024-07-24,1066.0
2024-07-25,896.0
2024-07-26,1070.0
2024-07-27,892.0
2024-07-28,965.0
2024-07-29,870.0
2024-07-30,882.0
2024-07-31,949.0
2024-08-01,1215.0
2024-08-02,944.0
2024-08-03,834.0
2024-08-04,1085.0
2024-08-05,911.0
2024-08-06,859.0
2024-08-07,1059.0
2024-08-08,890.0
2024-08-09,914.0
2024-08-10,955.0
2024-08-11,1216.0
2024-08-12,887.0
2024-08-13,1007.0
2024-08-14,946.0
2024-08-15,1024.0
2024-08-16,1072.0
2024-08-17,1055.0
2024-08-18,878.0
2024-08-19,830.0
2024-08-20,956.0
2024-08-21,755.0
2024-08-22,1032.0
2024-08-23,918.0
2024-08-24,828.0
2024-08-25,869.0
2024-08-26,932.0
2024-08-27,968.0
2024-08-28,1023.0
2024-08-29,981.0
2024-08-30,990.0
2024-08-31,905.0
2024-09-01,1247.0
2024-09-02,1011.0
2024-09-03,985.0
2024-09-04,907.0
2024-09-05,935.0
2024-09-06,993.0
2024-09-07,981.0
2024-09-08,1140.0
2024-09-09,801.0
2024-09-10,893.0
2024-09-11,1005.0
2024-09-12,873.0
2024-09-13,822.0
2024-09-14,982.0
2024-09-15,823.0
2024-09-16,944.0
2024-09-17,989.0
2024-09-18,906.0
2024-09-19,710.0
2024-09-20,1074.0
2024-09-21,854.0
2024-09-22,1100.0
2024-09-23,1330.0
2024-09-24,1439.0
2024-09-25,884.0
2024-09-26,1009.0
2024-09-27,853.0
2024-09-28,937.0
2024-09-29,908.0
2024-09-30,995.0
2024-10-01,1215.0
2024-10-02,1011.0
2024-10-03,1166.0
2024-10-04,1212.0
2024-10-05,924.0
2024-10-06,979.0
2024-10-07,788.0
2024-10-08,977.0
2024-10-09,917.0
2024-10-10,831.0
2024-10-11,975.0
2024-10-12,847.0
2024-10-13,993.0
2024-10-14,839.0
2024-10-15,886.0
2024-10-16,648.0
2024-10-17,711.0
2024-10-18,925.0
2024-10-19,888.0
2024-10-20,973.0
2024-10-21,798.0
2024-10-22,777.0
2024-10-23,827.0
2024-10-24,1043.0
2024-10-25,828.0
2024-10-26,720.0
2024-10-27,1088.0
2024-10-28,967.0
2024-10-29,736.0
2024-10-30,782.0
2024-10-31,921.0
2024-11-01,1132.0
2024-11-02,1209.0
2024-11-03,1053.0
2024-11-04,917.0
2024-11-05,887.0
2024-11-06,917.0
2024-11-07,917.0
2024-11-08,1069.0
2024-11-09,742.0
2024-11-10,999.0
2024-11-11,996.0
2024-11-12,872.0
2024-11-13,787.0
2024-11-14,840.0
2024-11-15,890.0
2024-11-16,876.0
2024-11-17,805.0
2024-11-18,896.0
2024-11-19,749.0
2024-11-20,896.0
2024-11-21,729.0
2024-11-22,845.0
2024-11-23,924.0
2024-11-24,1178.0
2024-11-25,770.0
2024-11-26,845.0
2024-11-27,581.0
2024-11-28,818.0
2024-11-29,684.0
2024-11-30,733.0
2024-12-01,1083.0
2024-12-02,850.0
2024-12-03,707.0
2024-12-04,764.0
2024-12-05,630.0
2024-12-06,618.0
2024-12-07,1002.0
2024-12-08,760.0
2024-12-09,539.0
2024-12-10,840.0
2024-12-11,993.0
2024-12-12,728.0
2024-12-13,814.0
2024-12-14,872.0
2024-12-15,688.0
2024-12-16,698.0
2024-12-17,813.0
2024-12-18,757.0
2024-12-19,660.0
2024-12-20,877.0
2024-12-21,797.0
2024-12-22,886.0
2024-12-23,823.0
2024-12-24,696.0
2024-12-25,739.0
2024-12-26,676.0
2024-12-27,959.0
2024-12-28,795.0
2024-12-29,843.0
2024-12-30,836.0
2024-12-31,1072.0
2025-01-01,1152.0
2025-01-02,813.0
2025-01-03,852.0
2025-01-04,1004.0
2025-01-05,977.0
2025-01-06,847.0
2025-01-07,880.0
2025-01-08,767.0
2025-01-09,624.0
2025-01-10,812.0
2025-01-11,718.0
2025-01-12,816.0
2025-01-13,694.0
2025-01-14,687.0
2025-01-15,841.0
2025-01-16,713.0
2025-01-17,751.0
2025-01-18,630.0
2025-01-19,727.0
2025-01-20,612.0
2025-01-21,861.0
2025-01-22,630.0
2025-01-23,499.0
2025-01-24,772.0
2025-01-25,691.0
2025-01-26,802.0
2025-01-27,891.0
2025-01-28,796.0
2025-01-29,1000.0
2025-01-30,592.0
2025-01-31,796.0
2025-02-01,893.0
2025-02-02,889.0
2025-02-03,828.0
2025-02-04,683.0
2025-02-05,613.0
2025-02-06,579.0
2025-02-07,708.0
2025-02-08,581.0
2025-02-09,618.0
2025-02-10,552.0
2025-02-11,658.0
2025-02-12,676.0
2025-02-13,827.0
2025-02-14,884.0
2025-02-15,570.0
2025-02-16,668.0
2025-02-17,524.0
2025-02-18,571.0
2025-02-19,642.0
2025-02-20,538.0
2025-02-21,555.0
2025-02-22,495.0
2025-02-23,691.0
2025-02-24,528.0
2025-02-25,718.0
2025-02-26,584.0
2025-02-27,643.0
2025-02-28,594.0
2025-03-01,866.0
2025-03-02,922.0
2025-03-03,723.0
2025-03-04,748.0
2025-03-05,576.0
2025-03-06,700.0
2025-03-07,601.0
2025-03-08,601.0
2025-03-09,582.0
2025-03-10,572.0
2025-03-11,566.0
2025-03-12,551.0
2025-03-13,630.0
2025-03-14,612.0
2025-03-15,706.0
2025-03-16,767.0
2025-03-17,611.0
2025-03-18,582.0
2025-03-19,461.0
2025-03-20,648.0
2025-03-21,645.0
2025-03-22,583.0
2025-03-23,818.0
2025-03-24,617.0
2025-03-25,619.0
2025-03-26,797.0
2025-03-27,1348.0
2025-03-28,2973.0
2025-03-29,0.0
2025-03-30,780.0
2025-03-31,863.0
2025-04-01,958.0
2025-04-02,684.0
2025-04-03,602.0
2025-04-04,759.0
2025-04-05,808.0
2025-04-06,686.0
2025-04-07,660.0
2025-04-08,681.0
2025-04-09,671.0
2025-04-10,781.0
2025-04-11,725.0
2025-04-12,619.0
2025-04-13,759.0
2025-04-14,572.0
2025-04-15,658.0
2025-04-16,628.0
2025-04-17,557.0
2025-04-18,613.0
2025-04-19,670.0
2025-04-20,787.0
2025-04-21,812.0
2025-04-22,970.0
2025-04-23,663.0
2025-04-24,906.0
2025-04-25,607.0
2025-04-26,763.0
2025-04-27,611.0
2025-04-28,651.0
2025-04-29,612.0
2025-04-30,628.0
2025-05-01,1062.0
2025-05-02,1012.0
2025-05-03,747.0
2025-05-04,927.0
2025-05-05,779.0
2025-05-06,625.0
2025-05-07,722.0
2025-05-08,596.0
2025-05-09,674.0
2025-05-10,717.0
2025-05-11,792.0
2025-05-12,780.0
2025-05-13,635.0
2025-05-14,651.0
2025-05-15,467.0
2025-05-16,695.0
2025-05-17,575.0
2025-05-18,726.0
2025-05-19,616.0
2025-05-20,595.0
2025-05-21,502.0
2025-05-22,575.0
2025-05-23,634.0
2025-05-24,788.0
2025-05-25,716.0
2025-05-26,664.0
2025-05-27,591.0
2025-05-28,694.0
2025-05-29,894.0
2025-05-30,745.0
2025-05-31,691.0
2025-06-01,829.0
2025-06-02,878.0
2025-06-03,813.0
2025-06-04,801.0
2025-06-05,714.0
2025-06-06,813.0
2025-06-07,328.0
